"AuthorID";"AuthorFirstName";"AuthorLastName";"Institution"
400;"Douglas";"Bohning";"UNF"
401;"Nour";"Beleih";"UNF"
402;"Susan";"Sontag";"The Chicago University"
403;"Barack";"Obama";"Harvard University"
404;"Bryan";"Peterson";"Valencia"
405;"Mariah";"Carey";"Yale"
406;"Morgan";"Housel";"Motley Fund"
407;"Erin";"Lowry";"NYU"
408;"Brian";"Azzarello";"D.C."
409;"Cullen";"Bunn";"STL"
410;"Greg";"Harvey";"UM"
411;"James";"Bernstein";"UCLA"
412;"Irma";"Rombauer";"UCF"
413;"Julia";"Child";"UTX"
414;"Mario";"Batali";"N/A"
415;"Tom";"Sandage";"Princeton"
416;"Henry";"Rodiger III";"USF"
417;"Ken";"Bain";"UF"
418;"Don";"Norman";"UF"
419;"Matthew";"Frederick";"Architect School"
420;"Michael";"Matthews";"Health & Fitness"
421;"Tim";"Ferriss";"FSU"
422;"Howard";"Zinn";"Spelman"
423;"Anne";"Frank";"N/A"
424;"John";"Barry";"NYU"
425;"Jerome";"Groopman";"Harvard Medical School"
426;"Robert";"Greene";"UC Berkley"
427;"Johnathan";"Haldt";"Mental Health Awareness"
428;"William";"Strunk Jr.";"JAX"
429;"Kate";"Turabian";"University of Chicago"
430;"Cathy";"O'Neil";"Harvard"
431;"Steven";"Strogatz";"Harvard"
432;"George";"Orwell";"Eton College"
433;"Ray";"Bradbury";"LAHS"
434;"Jim";"Bouton";"N/A"
435;"Roger";"Kahn";"N/A"
436;"Prince";"Lewafrasoski";"Street Knowledge University"
