"ISBN";"BookCategoryCode";"AuthorID";"Condition";"Publisher";"DateIssued";"Edition";"BookTitle";"BuyPrice";"RentPrice";"Format";"BookScore"
"978-0226430577";1013;429;"Used";"University of Chicago Press";"1937-05-23";9;"A Manual for Writers of Research Papers, Theses, and Dissertations";24.99;3.0;"Paperback";3.4
"978-0262640374";1008;418;"New";"Basic Books";"1988-02-21";12;"The Design of Everyday Things";11.99;4.5;"Paperback";3.6
"978-0304934201";1005;412;"New";"Alfred A. Knopf";"1961-04-15";6;"Mastering the Art of French Cooking";19.99;4.5;"Hardcover";2.5
"978-0312420093";1000;401;"New";"MacMillan";"2001-08-25";7;"On Photography";13.79;4.99;"Paperback";4.5
"978-0345342966";1015;433;"Used";"Ballantine Books";"1953-10-09";7;"Fahrenheit 451";11.99;3.0;"Hardcover";4.3
"978-0358299288";1014;431;"New";"Houghton Mifflin";"2019-04-02";1;"Infinite Powers";9.99;4.5;"Paperback";4.0
"978-0452279155";1005;411;"Used";"Independently Published";"1931-02-10";8;"The Joy of Cooking";19.99;3.0;"Paperback";3.5
"978-0547053646";1011;425;"Used";"Houghton Mifflin Harcourt";"2007-10-14";4;"How Doctors Think";9.99;3.0;"Hardcover";4.7
"978-0578406954";1004;410;"Used";"Independently Published";"2018-06-11";4;"Computers Made Easy: From Dummy to Geek";14.99;3.0;"Paperback";4.0
"978-0674986572";1007;416;"Used";"Harvard University Press";"2014-04-14";2;"Make It Stick";16.95;3.0;"E-Book";4.1
"978-0735224896";1012;427;"New";"Penguin Books";"2018-09-04";1;"The Coddling of the American Mind";14.99;4.5;"E-book";3.8
"978-0802714473";1006;415;"Used";"Bloomsbury Publishing";"2009-05-26";5;"A History of the World in 6 Glasses";9.99;3.0;"Hardcover";3.3
"978-1250164698";1001;405;"Used";"Audible";"2020-09-29";1;"The Meaning of Mariah Carey";20.99;4.5;"E-book";3.5
"978-1401215811";1003;408;"Used";"DC Comics";"2019-10-04";1;"Joker";8.99;3.0;"Paperback";4.7
"978-1455509775";1008;419;"Used";"The MIT Press";"2007-08-31";5;"101 Things I Learned in Architecture School";7.99;3.0;"E-Book";4.0
"978-1475143386";1009;420;"New";"Oculus Publishers";"2012-01-13";3;"Bigger Leaner Stronger: The Simple Science of Building the Ultimate Male Body";7.99;4.5;"E-Book";2.6
"978-1506716015";1003;409;"New";"Trauma Team";"2020-09-09";1;"Cyberpunk";17.99;4.5;"Paperback";4.3
"978-1524763169";1001;403;"New";"Crown Publishing group";"2020-11-17";1;"A Promised Land";27.0;9.97;"Hardcover";0.0
"978-1932624632";1006;414;"New";"Cowin, Dana";"2014-01-01";1;"Food & Wine: Annual Cookbook 2014";4.79;4.5;"Paperback";2.7
"978-7816927451";1016;436;"Used";"Goonie Production";"2020-01-01";1;"The Hard Road";13.99;3.99;"Hardcover";4.3
"978-8081743939";1000;404;"Used";"	Potter/Ten Speed/Harmony/Rodale";"1990-01-01";3;"Understanding Exposure";15.99;4.5;"E-book";4.0
"978-8722412412";1017;436;"New";"Goonies Inc.";"2020-07-27";1;"Football Gangs";29.99;9.98;"Hardcover";4.9
