"CustomerID";"CustomerFirstName";"CustomerLastName";"Email";"PhoneNumber";"Street";"City";"State";"ZIP";"OutStandingBalance"
1;"Nour";"Beleih";"nb21@yahoo.com";"347-901-2101";"Unf Street";"Jacksonville";"FL";"32212";0.0
16;"Mendoza";"Jr";"mendJR@yahoo.com";"347-012-0912";"Unf Street";"Jax";"FL";"32213";0.0
17;"amr";"baleh";"amrb@yahoo.com";"347-837-0192";"102 Street";"Jax";"FL";"31123";0.0
18;"Nour2";"beleih";"nors@yahoo.com";"347-123-1231";"UNf street";"Jax";"FL";"32212";0.0
19;"nour";"mohamed";"nourmo@yahoo.com";"917-918-0912";"Unf Street";"Jax";"FL";"32213";0.0
20;"Mohamed";"Bleh";"mohamed_bleh@yahoo.com";"917-209-1129";"UNF street";"Jax";"FL";"32213";0.0
21;"Ahmad";"hasona";"ahasona@yahoo.com";"917-012-3124";"O block";"Jax";"FL";"32223";0.0
22;"prince";"king ";"princedon@gmail.com";"9292319443";"1750 leyburn ct";"jacksonville";"FL";"32223";0.0
23;"big body";"nigga";"bigshoota@gmail.nour.com";"929-231-9443";"1750 leyburn";"suckmydic";"nyc";"12221";0.0
